{
    "portfolio": [
      {
        "id": 1,
        "image": "../assets/service.png",
        "company_name": "ABC Corporation",
        "works": [
          "Social Media Campaign",
          "Website Redesign",
          "Print Advertisements"
        ]
      },
      {
        "id": 2,
        "image": "../assets/service.png",
        "company_name": "XYZ Company",
        "works": [
          "Email Marketing",
          "Brand Strategy",
          "Event Promotion"
        ]
      },
      {
        "id": 3,
        "image": "../assets/service.png",
        "company_name": "123 Enterprises",
        "works": [
          "Content Marketing",
          "SEO Optimization",
          "Video Production"
        ]
      },
      {
        "id": 4,
        "image": "../assets/service.png",
        "company_name": "Acme Innovations",
        "works": [
          "Product Launch Campaign",
          "Digital Advertising",
          "Market Research"
        ]
      },
      {
        "id": 5,
        "image": "../assets/service.png",
        "company_name": "Acme Innovations",
        "works": [
          "Product Launch Campaign",
          "Digital Advertising",
          "Market Research"
        ]
      },
      {
        "id": 6,
        "image": "../assets/service.png",
        "company_name": "Acme Innovations",
        "works": [
          "Product Launch Campaign",
          "Digital Advertising",
          "Market Research"
        ]
      },
      {
        "id": 7,
        "image": "../assets/service.png",
        "company_name": "Acme Innovations",
        "works": [
          "Product Launch Campaign",
          "Digital Advertising",
          "Market Research"
        ]
      }
    ]
  }
  